{
  "name": "abp-web-resources",
  "homepage": "http://www.aspnetboilerplate.com/",
  "authors": [
    "Halil İbrahim Kalkan"
  ],
  "version": "0.10.3",
  "description": "Script and style resources for ASP.NET Boilerplate based web projects.",
  "main": "Abp/Framework/scripts/abp.js",
  "moduleType": [],
  "keywords": [
    "asp.net",
    "boilerplate",
    "web",
    "framework",
    "resources"
  ],
  "license": "MIT",
  "ignore": [
    "**/.*",
    "node_modules",
    "bower_components",
    "test",
    "tests",
    ".nuget",
    "packages"
  ],
  "_release": "0.10.3",
  "_resolution": {
    "type": "version",
    "tag": "v0.10.3",
    "commit": "756cbf5522a25e09a3604edbaf3aec7e8d7e0d21"
  },
  "_source": "https://github.com/aspnetboilerplate/bower-abp-resources.git",
  "_target": "^0.10.0",
  "_originalSource": "abp-web-resources"
}